-- phpMyAdmin SQL Dump
-- version 5.2.0
-- https://www.phpmyadmin.net/
--
-- Servidor: 127.0.0.1
-- Tiempo de generación: 01-03-2023 a las 02:31:26
-- Versión del servidor: 10.4.27-MariaDB
-- Versión de PHP: 8.2.0

SET SQL_MODE = "NO_AUTO_VALUE_ON_ZERO";
START TRANSACTION;
SET time_zone = "+00:00";


/*!40101 SET @OLD_CHARACTER_SET_CLIENT=@@CHARACTER_SET_CLIENT */;
/*!40101 SET @OLD_CHARACTER_SET_RESULTS=@@CHARACTER_SET_RESULTS */;
/*!40101 SET @OLD_COLLATION_CONNECTION=@@COLLATION_CONNECTION */;
/*!40101 SET NAMES utf8mb4 */;

--
-- Base de datos: `bdcarritocompras`
--

-- --------------------------------------------------------

--
-- Estructura de tabla para la tabla `compra`
--

CREATE TABLE `compra` (
  `idcompra` bigint(20) NOT NULL,
  `cofecha` timestamp NOT NULL DEFAULT current_timestamp() ON UPDATE current_timestamp(),
  `idusuario` bigint(20) NOT NULL
) ENGINE=InnoDB DEFAULT CHARSET=latin1 COLLATE=latin1_swedish_ci;

-- --------------------------------------------------------

--
-- Estructura de tabla para la tabla `compraestado`
--

CREATE TABLE `compraestado` (
  `idcompraestado` bigint(20) UNSIGNED NOT NULL,
  `idcompra` bigint(11) NOT NULL,
  `idcompraestadotipo` int(11) NOT NULL,
  `cefechaini` timestamp NOT NULL DEFAULT current_timestamp(),
  `cefechafin` timestamp NULL DEFAULT NULL
) ENGINE=InnoDB DEFAULT CHARSET=latin1 COLLATE=latin1_swedish_ci;

-- --------------------------------------------------------

--
-- Estructura de tabla para la tabla `compraestadotipo`
--

CREATE TABLE `compraestadotipo` (
  `idcompraestadotipo` int(11) NOT NULL,
  `cetdescripcion` varchar(50) NOT NULL,
  `cetdetalle` varchar(256) NOT NULL
) ENGINE=InnoDB DEFAULT CHARSET=latin1 COLLATE=latin1_swedish_ci;

--
-- Volcado de datos para la tabla `compraestadotipo`
--

INSERT INTO `compraestadotipo` (`idcompraestadotipo`, `cetdescripcion`, `cetdetalle`) VALUES
(1, 'iniciada', 'cuando el usuario : cliente inicia la compra de uno o mas productos del carrito'),
(2, 'aceptada', 'cuando el usuario administrador da ingreso a uno de las compras en estado = 1 '),
(3, 'enviada', 'cuando el usuario administrador envia a uno de las compras en estado =2 '),
(4, 'cancelada', 'un usuario administrador podra cancelar una compra en cualquier estado y un usuario cliente solo en estado=1 '),
(5, 'carrito', 'arreglo de productos del cliente');

-- --------------------------------------------------------

--
-- Estructura de tabla para la tabla `compraitem`
--

CREATE TABLE `compraitem` (
  `idcompraitem` bigint(20) UNSIGNED NOT NULL,
  `idproducto` bigint(20) NOT NULL,
  `idcompra` bigint(20) NOT NULL,
  `cicantidad` int(11) NOT NULL
) ENGINE=InnoDB DEFAULT CHARSET=latin1 COLLATE=latin1_swedish_ci;

-- --------------------------------------------------------

--
-- Estructura de tabla para la tabla `menu`
--

CREATE TABLE `menu` (
  `idmenu` bigint(20) NOT NULL,
  `menombre` varchar(50) NOT NULL COMMENT 'Nombre del item del menu',
  `medescripcion` varchar(124) NOT NULL COMMENT 'Descripcion mas detallada del item del menu',
  `idpadre` bigint(20) DEFAULT NULL COMMENT 'Referencia al id del menu que es subitem',
  `medeshabilitado` timestamp NULL DEFAULT current_timestamp() COMMENT 'Fecha en la que el menu fue deshabilitado por ultima vez'
) ENGINE=InnoDB DEFAULT CHARSET=latin1 COLLATE=latin1_swedish_ci;

--
-- Volcado de datos para la tabla `menu`
--

INSERT INTO `menu` (`idmenu`, `menombre`, `medescripcion`, `idpadre`, `medeshabilitado`) VALUES
(1, 'Administrador Permisos', '#', NULL, NULL),
(2, 'Administrar Menu-Roles', '../Admin/tablaMenuRoles.php', 30, NULL),
(3, 'Administrar Roles', '../Admin/tablaRoles.php', 30, NULL),
(12, 'Administrar Usuarios', '../Admin/tablaUsuarios.php', 1, NULL),
(13, 'Tus Compras', '#', NULL, NULL),
(14, 'Ver Carrito', '../Cliente/carrito.php', 13, NULL),
(15, 'Listado de Compras', '../Cliente/listaCompras.php', 13, '2023-02-26 21:05:33'),
(16, 'Deposito Permisos', '#', NULL, '0000-00-00 00:00:00'),
(17, 'Ver Compras', '../Deposito/tablaCompras.php', 16, NULL),
(18, 'Ver Productos', '../Deposito/tablaProductos.php', 16, NULL),
(29, 'Ver Perfil', '../Cliente/modificarPerfil.php', NULL, NULL),
(30, 'Opciones Menú y Rol', '#', 1, NULL);

-- --------------------------------------------------------

--
-- Estructura de tabla para la tabla `menurol`
--

CREATE TABLE `menurol` (
  `idmenu` bigint(20) NOT NULL,
  `idrol` bigint(20) NOT NULL
) ENGINE=InnoDB DEFAULT CHARSET=latin1 COLLATE=latin1_swedish_ci;

--
-- Volcado de datos para la tabla `menurol`
--

INSERT INTO `menurol` (`idmenu`, `idrol`) VALUES
(1, 1),
(13, 3),
(16, 2),
(29, 3);

-- --------------------------------------------------------

--
-- Estructura de tabla para la tabla `producto`
--

CREATE TABLE `producto` (
  `idproducto` bigint(20) NOT NULL,
  `pronombre` varchar(50) NOT NULL,
  `prodetalle` varchar(512) NOT NULL,
  `procantstock` int(11) NOT NULL,
  `precio` int(11) NOT NULL,
  `prodeshabilitado` timestamp NULL DEFAULT current_timestamp(),
  `imagen` varchar(50) NOT NULL
) ENGINE=InnoDB DEFAULT CHARSET=latin1 COLLATE=latin1_swedish_ci;

--
-- Volcado de datos para la tabla `producto`
--

INSERT INTO `producto` (`idproducto`, `pronombre`, `prodetalle`, `procantstock`, `precio`, `prodeshabilitado`, `imagen`) VALUES
(110, 'Dakimakura Centurión', 'Suave almohada de 1,80cm para descansar a gusto, disfrutando de la compañía del Sr. Centurión', 98, 100000, '0000-00-00 00:00:00', 'producto167762994311504977263fe99f72cfbf.png'),
(111, 'Camiseta BC', 'Camiseta manga corta de excelente calidad', 97, 30000, '0000-00-00 00:00:00', 'producto167762999735828027363fe9a2d5e464.png'),
(112, 'Cartuchera BC', 'Donde guardar tus útiles de clases', 100, 15000, '0000-00-00 00:00:00', 'producto1677630025157301940963fe9a494c73c.png'),
(113, 'Funda BC', 'Funda para Iphone', 100, 55000, '0000-00-00 00:00:00', 'producto167763005451288607063fe9a66732d8.png'),
(114, 'Gorra BC', 'Para protegerte del sol', 97, 30000, '0000-00-00 00:00:00', 'producto167763007441067185163fe9a7a48783.png'),
(115, 'Taza BC', 'Empieza los días bebiendo una buena taza de café', 99, 20000, '0000-00-00 00:00:00', 'producto167763010317612313263fe9a97dae68.png');

-- --------------------------------------------------------

--
-- Estructura de tabla para la tabla `rol`
--

CREATE TABLE `rol` (
  `idrol` bigint(20) NOT NULL,
  `rodescripcion` varchar(50) NOT NULL
) ENGINE=InnoDB DEFAULT CHARSET=latin1 COLLATE=latin1_swedish_ci;

--
-- Volcado de datos para la tabla `rol`
--

INSERT INTO `rol` (`idrol`, `rodescripcion`) VALUES
(1, 'admin'),
(2, 'deposito'),
(3, 'cliente');

-- --------------------------------------------------------

--
-- Estructura de tabla para la tabla `usuario`
--

CREATE TABLE `usuario` (
  `idusuario` bigint(20) NOT NULL,
  `usnombre` varchar(50) NOT NULL,
  `uspass` varchar(150) NOT NULL,
  `usmail` varchar(50) NOT NULL,
  `usdeshabilitado` timestamp NULL DEFAULT NULL
) ENGINE=InnoDB DEFAULT CHARSET=latin1 COLLATE=latin1_swedish_ci;

--
-- Volcado de datos para la tabla `usuario`
--

INSERT INTO `usuario` (`idusuario`, `usnombre`, `uspass`, `usmail`, `usdeshabilitado`) VALUES
(1, 'mondongo', '9fe75de7500e7073d749469bb3a46cc2', 'mondongo@gmail.com', NULL),
(2, 'admin', '0192023a7bbd73250516f069df18b500', 'admin@gmail.com', NULL),
(3, 'deposito', 'caaf856169610904e4f188e6ee23e88c', 'deposito@gmail.com', NULL),
(4, 'cliente', '7159bbe0c8ca2a67230a26b72dea7557', 'cliente@gmail.com', NULL);

-- --------------------------------------------------------

--
-- Estructura de tabla para la tabla `usuariorol`
--

CREATE TABLE `usuariorol` (
  `idusuario` bigint(20) NOT NULL,
  `idrol` bigint(20) NOT NULL
) ENGINE=InnoDB DEFAULT CHARSET=latin1 COLLATE=latin1_swedish_ci;

--
-- Volcado de datos para la tabla `usuariorol`
--

INSERT INTO `usuariorol` (`idusuario`, `idrol`) VALUES
(1, 1),
(1, 2),
(1, 3),
(2, 1),
(3, 2),
(4, 3);

--
-- Índices para tablas volcadas
--

--
-- Indices de la tabla `compra`
--
ALTER TABLE `compra`
  ADD PRIMARY KEY (`idcompra`),
  ADD UNIQUE KEY `idcompra` (`idcompra`),
  ADD KEY `fkcompra_1` (`idusuario`);

--
-- Indices de la tabla `compraestado`
--
ALTER TABLE `compraestado`
  ADD PRIMARY KEY (`idcompraestado`),
  ADD UNIQUE KEY `idcompraestado` (`idcompraestado`),
  ADD KEY `fkcompraestado_1` (`idcompra`),
  ADD KEY `fkcompraestado_2` (`idcompraestadotipo`);

--
-- Indices de la tabla `compraestadotipo`
--
ALTER TABLE `compraestadotipo`
  ADD PRIMARY KEY (`idcompraestadotipo`);

--
-- Indices de la tabla `compraitem`
--
ALTER TABLE `compraitem`
  ADD PRIMARY KEY (`idcompraitem`),
  ADD UNIQUE KEY `idcompraitem` (`idcompraitem`),
  ADD KEY `fkcompraitem_1` (`idcompra`),
  ADD KEY `fkcompraitem_2` (`idproducto`);

--
-- Indices de la tabla `menu`
--
ALTER TABLE `menu`
  ADD PRIMARY KEY (`idmenu`),
  ADD UNIQUE KEY `idmenu` (`idmenu`),
  ADD KEY `fkmenu_1` (`idpadre`);

--
-- Indices de la tabla `menurol`
--
ALTER TABLE `menurol`
  ADD PRIMARY KEY (`idmenu`,`idrol`),
  ADD KEY `fkmenurol_2` (`idrol`);

--
-- Indices de la tabla `producto`
--
ALTER TABLE `producto`
  ADD PRIMARY KEY (`idproducto`),
  ADD UNIQUE KEY `idproducto` (`idproducto`);

--
-- Indices de la tabla `rol`
--
ALTER TABLE `rol`
  ADD PRIMARY KEY (`idrol`),
  ADD UNIQUE KEY `idrol` (`idrol`);

--
-- Indices de la tabla `usuario`
--
ALTER TABLE `usuario`
  ADD PRIMARY KEY (`idusuario`),
  ADD UNIQUE KEY `idusuario` (`idusuario`);

--
-- Indices de la tabla `usuariorol`
--
ALTER TABLE `usuariorol`
  ADD PRIMARY KEY (`idusuario`,`idrol`),
  ADD KEY `idusuario` (`idusuario`),
  ADD KEY `idrol` (`idrol`);

--
-- AUTO_INCREMENT de las tablas volcadas
--

--
-- AUTO_INCREMENT de la tabla `compra`
--
ALTER TABLE `compra`
  MODIFY `idcompra` bigint(20) NOT NULL AUTO_INCREMENT, AUTO_INCREMENT=31;

--
-- AUTO_INCREMENT de la tabla `compraestado`
--
ALTER TABLE `compraestado`
  MODIFY `idcompraestado` bigint(20) UNSIGNED NOT NULL AUTO_INCREMENT, AUTO_INCREMENT=146;

--
-- AUTO_INCREMENT de la tabla `compraitem`
--
ALTER TABLE `compraitem`
  MODIFY `idcompraitem` bigint(20) UNSIGNED NOT NULL AUTO_INCREMENT, AUTO_INCREMENT=68;

--
-- AUTO_INCREMENT de la tabla `menu`
--
ALTER TABLE `menu`
  MODIFY `idmenu` bigint(20) NOT NULL AUTO_INCREMENT, AUTO_INCREMENT=39;

--
-- AUTO_INCREMENT de la tabla `producto`
--
ALTER TABLE `producto`
  MODIFY `idproducto` bigint(20) NOT NULL AUTO_INCREMENT, AUTO_INCREMENT=116;

--
-- AUTO_INCREMENT de la tabla `rol`
--
ALTER TABLE `rol`
  MODIFY `idrol` bigint(20) NOT NULL AUTO_INCREMENT, AUTO_INCREMENT=7;

--
-- AUTO_INCREMENT de la tabla `usuario`
--
ALTER TABLE `usuario`
  MODIFY `idusuario` bigint(20) NOT NULL AUTO_INCREMENT, AUTO_INCREMENT=27;

--
-- Restricciones para tablas volcadas
--

--
-- Filtros para la tabla `compra`
--
ALTER TABLE `compra`
  ADD CONSTRAINT `fkcompra_1` FOREIGN KEY (`idusuario`) REFERENCES `usuario` (`idusuario`) ON UPDATE CASCADE;

--
-- Filtros para la tabla `compraestado`
--
ALTER TABLE `compraestado`
  ADD CONSTRAINT `fkcompraestado_1` FOREIGN KEY (`idcompra`) REFERENCES `compra` (`idcompra`) ON UPDATE CASCADE,
  ADD CONSTRAINT `fkcompraestado_2` FOREIGN KEY (`idcompraestadotipo`) REFERENCES `compraestadotipo` (`idcompraestadotipo`) ON UPDATE CASCADE;

--
-- Filtros para la tabla `compraitem`
--
ALTER TABLE `compraitem`
  ADD CONSTRAINT `fkcompraitem_1` FOREIGN KEY (`idcompra`) REFERENCES `compra` (`idcompra`) ON UPDATE CASCADE,
  ADD CONSTRAINT `fkcompraitem_2` FOREIGN KEY (`idproducto`) REFERENCES `producto` (`idproducto`) ON UPDATE CASCADE;

--
-- Filtros para la tabla `menu`
--
ALTER TABLE `menu`
  ADD CONSTRAINT `fkmenu_1` FOREIGN KEY (`idpadre`) REFERENCES `menu` (`idmenu`) ON UPDATE CASCADE;

--
-- Filtros para la tabla `menurol`
--
ALTER TABLE `menurol`
  ADD CONSTRAINT `fkmenurol_1` FOREIGN KEY (`idmenu`) REFERENCES `menu` (`idmenu`) ON UPDATE CASCADE,
  ADD CONSTRAINT `fkmenurol_2` FOREIGN KEY (`idrol`) REFERENCES `rol` (`idrol`) ON UPDATE CASCADE;

--
-- Filtros para la tabla `usuariorol`
--
ALTER TABLE `usuariorol`
  ADD CONSTRAINT `fkmovimiento_1` FOREIGN KEY (`idrol`) REFERENCES `rol` (`idrol`) ON UPDATE CASCADE,
  ADD CONSTRAINT `usuariorol_ibfk_2` FOREIGN KEY (`idusuario`) REFERENCES `usuario` (`idusuario`) ON UPDATE CASCADE;
COMMIT;

/*!40101 SET CHARACTER_SET_CLIENT=@OLD_CHARACTER_SET_CLIENT */;
/*!40101 SET CHARACTER_SET_RESULTS=@OLD_CHARACTER_SET_RESULTS */;
/*!40101 SET COLLATION_CONNECTION=@OLD_COLLATION_CONNECTION */;